# index, flag, s, b_g_x, b_g_y, b_g_z, b_a_x, b_a_y, b_a_z, g_x, g_y, g_z 
0.000000,1.000000,1.021934,-0.003568,0.022475,0.078393,-0.003568,0.022475,0.078393,-0.017799,-0.098392,-9.809490
1.000000,1.000000,0.985067,-0.002911,0.021346,0.078838,-0.002911,0.021346,0.078838,0.012992,-0.123537,-9.809214
2.000000,1.000000,0.971437,-0.002959,0.020820,0.078737,-0.002959,0.020820,0.078737,0.045990,-0.148601,-9.808767
3.000000,1.000000,1.021057,-0.002770,0.021889,0.078838,-0.002770,0.021889,0.078838,0.020489,-0.128941,-9.809131
4.000000,1.000000,1.010198,-0.003728,0.021757,0.078941,-0.003728,0.021757,0.078941,0.004995,-0.127889,-9.809165
5.000000,1.000000,0.967513,-0.002845,0.020349,0.078533,-0.002845,0.020349,0.078533,0.011902,-0.130778,-9.809121
6.000000,1.000000,0.981194,-0.003067,0.020865,0.078856,-0.003067,0.020865,0.078856,0.021235,-0.135724,-9.809038
7.000000,1.000000,1.013639,-0.003672,0.021890,0.078783,-0.003672,0.021890,0.078783,0.003906,-0.117451,-9.809296
8.000000,1.000000,1.007704,-0.002583,0.022701,0.078929,-0.002583,0.022701,0.078929,0.004528,-0.126321,-9.809186
9.000000,1.000000,0.955166,-0.003050,0.021350,0.078680,-0.003050,0.021350,0.078680,0.012264,-0.137920,-9.809023
10.000000,1.000000,0.976551,-0.002622,0.020766,0.079385,-0.002622,0.020766,0.079385,-0.007117,-0.132632,-9.809101
11.000000,1.000000,1.033594,-0.002757,0.020397,0.078889,-0.002757,0.020397,0.078889,-0.032073,-0.112591,-9.809301
12.000000,1.000000,1.036280,-0.002646,0.021781,0.078768,-0.002646,0.021781,0.078768,-0.023703,-0.105107,-9.809408
13.000000,1.000000,1.015605,-0.002670,0.021138,0.079083,-0.002670,0.021138,0.079083,-0.041123,-0.156384,-9.808667
14.000000,1.000000,1.015605,-0.002670,0.021138,0.079083,-0.002670,0.021138,0.079083,-0.041123,-0.156384,-9.808667
15.000000,1.000000,1.015605,-0.002670,0.021138,0.079083,-0.002670,0.021138,0.079083,-0.041123,-0.156384,-9.808667
16.000000,1.000000,1.087883,-0.002847,0.020731,0.079008,-0.002847,0.020731,0.079008,-0.035320,-0.137611,-9.808971
17.000000,1.000000,1.040051,-0.002364,0.020387,0.078774,-0.002364,0.020387,0.078774,-0.025463,-0.129979,-9.809106
18.000000,1.000000,1.040051,-0.002364,0.020387,0.078774,-0.002364,0.020387,0.078774,-0.025463,-0.129979,-9.809106
19.000000,1.000000,1.040051,-0.002364,0.020387,0.078774,-0.002364,0.020387,0.078774,-0.025463,-0.129979,-9.809106
20.000000,1.000000,0.953802,-0.002538,0.020984,0.078781,-0.002538,0.020984,0.078781,-0.008597,-0.142949,-9.808955
21.000000,1.000000,0.997894,-0.004159,0.021817,0.079665,-0.004159,0.021817,0.079665,-0.048639,-0.132081,-9.808990
22.000000,1.000000,0.997894,-0.004159,0.021817,0.079665,-0.004159,0.021817,0.079665,-0.048639,-0.132081,-9.808990
23.000000,1.000000,0.978027,-0.002228,0.020884,0.078798,-0.002228,0.020884,0.078798,-0.014254,-0.123841,-9.809208
24.000000,1.000000,1.027501,-0.003896,0.020784,0.079368,-0.003896,0.020784,0.079368,-0.054609,-0.112362,-9.809204
25.000000,1.000000,1.027501,-0.003896,0.020784,0.079368,-0.003896,0.020784,0.079368,-0.054609,-0.112362,-9.809204
26.000000,1.000000,1.027501,-0.003896,0.020784,0.079368,-0.003896,0.020784,0.079368,-0.054609,-0.112362,-9.809204
27.000000,1.000000,1.027501,-0.003896,0.020784,0.079368,-0.003896,0.020784,0.079368,-0.054609,-0.112362,-9.809204
28.000000,1.000000,1.027501,-0.003896,0.020784,0.079368,-0.003896,0.020784,0.079368,-0.054609,-0.112362,-9.809204
29.000000,1.000000,1.027501,-0.003896,0.020784,0.079368,-0.003896,0.020784,0.079368,-0.054609,-0.112362,-9.809204
30.000000,1.000000,1.027501,-0.003896,0.020784,0.079368,-0.003896,0.020784,0.079368,-0.054609,-0.112362,-9.809204
31.000000,1.000000,1.027501,-0.003896,0.020784,0.079368,-0.003896,0.020784,0.079368,-0.054609,-0.112362,-9.809204
32.000000,1.000000,0.959938,-0.002942,0.021701,0.078663,-0.002942,0.021701,0.078663,-0.025890,-0.103419,-9.809421
33.000000,1.000000,1.008516,-0.002376,0.020638,0.078826,-0.002376,0.020638,0.078826,0.068204,-0.135691,-9.808824
34.000000,1.000000,1.029601,-0.002719,0.020637,0.078845,-0.002719,0.020637,0.078845,0.023217,-0.103107,-9.809431
35.000000,1.000000,0.883855,-0.002643,0.021510,0.079583,-0.002643,0.021510,0.079583,0.018390,-0.106011,-9.809410
36.000000,1.000000,0.883855,-0.002643,0.021510,0.079583,-0.002643,0.021510,0.079583,0.018390,-0.106011,-9.809410
37.000000,1.000000,2.916003,-0.003090,0.020773,0.079282,-0.003090,0.020773,0.079282,0.042189,-0.161458,-9.808581
38.000000,1.000000,2.916003,-0.003090,0.020773,0.079282,-0.003090,0.020773,0.079282,0.042189,-0.161458,-9.808581
39.000000,1.000000,2.916003,-0.003090,0.020773,0.079282,-0.003090,0.020773,0.079282,0.042189,-0.161458,-9.808581
40.000000,1.000000,2.916003,-0.003090,0.020773,0.079282,-0.003090,0.020773,0.079282,0.042189,-0.161458,-9.808581
41.000000,1.000000,2.916003,-0.003090,0.020773,0.079282,-0.003090,0.020773,0.079282,0.042189,-0.161458,-9.808581
42.000000,1.000000,2.916003,-0.003090,0.020773,0.079282,-0.003090,0.020773,0.079282,0.042189,-0.161458,-9.808581
43.000000,1.000000,2.916003,-0.003090,0.020773,0.079282,-0.003090,0.020773,0.079282,0.042189,-0.161458,-9.808581
44.000000,1.000000,2.916003,-0.003090,0.020773,0.079282,-0.003090,0.020773,0.079282,0.042189,-0.161458,-9.808581
45.000000,1.000000,2.916003,-0.003090,0.020773,0.079282,-0.003090,0.020773,0.079282,0.042189,-0.161458,-9.808581
46.000000,1.000000,2.916003,-0.003090,0.020773,0.079282,-0.003090,0.020773,0.079282,0.042189,-0.161458,-9.808581
47.000000,1.000000,2.916003,-0.003090,0.020773,0.079282,-0.003090,0.020773,0.079282,0.042189,-0.161458,-9.808581
48.000000,1.000000,2.916003,-0.003090,0.020773,0.079282,-0.003090,0.020773,0.079282,0.042189,-0.161458,-9.808581
49.000000,1.000000,2.916003,-0.003090,0.020773,0.079282,-0.003090,0.020773,0.079282,0.042189,-0.161458,-9.808581
50.000000,1.000000,2.916003,-0.003090,0.020773,0.079282,-0.003090,0.020773,0.079282,0.042189,-0.161458,-9.808581
51.000000,1.000000,2.916003,-0.003090,0.020773,0.079282,-0.003090,0.020773,0.079282,0.042189,-0.161458,-9.808581
52.000000,1.000000,2.916003,-0.003090,0.020773,0.079282,-0.003090,0.020773,0.079282,0.042189,-0.161458,-9.808581
53.000000,1.000000,2.916003,-0.003090,0.020773,0.079282,-0.003090,0.020773,0.079282,0.042189,-0.161458,-9.808581
54.000000,1.000000,2.916003,-0.003090,0.020773,0.079282,-0.003090,0.020773,0.079282,0.042189,-0.161458,-9.808581
55.000000,1.000000,2.916003,-0.003090,0.020773,0.079282,-0.003090,0.020773,0.079282,0.042189,-0.161458,-9.808581
56.000000,1.000000,2.916003,-0.003090,0.020773,0.079282,-0.003090,0.020773,0.079282,0.042189,-0.161458,-9.808581
57.000000,1.000000,2.916003,-0.003090,0.020773,0.079282,-0.003090,0.020773,0.079282,0.042189,-0.161458,-9.808581
58.000000,1.000000,2.916003,-0.003090,0.020773,0.079282,-0.003090,0.020773,0.079282,0.042189,-0.161458,-9.808581
59.000000,1.000000,2.916003,-0.003090,0.020773,0.079282,-0.003090,0.020773,0.079282,0.042189,-0.161458,-9.808581
60.000000,1.000000,2.916003,-0.003090,0.020773,0.079282,-0.003090,0.020773,0.079282,0.042189,-0.161458,-9.808581
61.000000,1.000000,2.916003,-0.003090,0.020773,0.079282,-0.003090,0.020773,0.079282,0.042189,-0.161458,-9.808581
62.000000,1.000000,2.916003,-0.003090,0.020773,0.079282,-0.003090,0.020773,0.079282,0.042189,-0.161458,-9.808581
63.000000,1.000000,2.916003,-0.003090,0.020773,0.079282,-0.003090,0.020773,0.079282,0.042189,-0.161458,-9.808581
64.000000,1.000000,2.916003,-0.003090,0.020773,0.079282,-0.003090,0.020773,0.079282,0.042189,-0.161458,-9.808581
65.000000,1.000000,2.916003,-0.003090,0.020773,0.079282,-0.003090,0.020773,0.079282,0.042189,-0.161458,-9.808581
66.000000,1.000000,2.916003,-0.003090,0.020773,0.079282,-0.003090,0.020773,0.079282,0.042189,-0.161458,-9.808581
67.000000,1.000000,2.916003,-0.003090,0.020773,0.079282,-0.003090,0.020773,0.079282,0.042189,-0.161458,-9.808581
68.000000,1.000000,2.916003,-0.003090,0.020773,0.079282,-0.003090,0.020773,0.079282,0.042189,-0.161458,-9.808581
69.000000,1.000000,2.916003,-0.003090,0.020773,0.079282,-0.003090,0.020773,0.079282,0.042189,-0.161458,-9.808581
70.000000,1.000000,2.916003,-0.003090,0.020773,0.079282,-0.003090,0.020773,0.079282,0.042189,-0.161458,-9.808581
71.000000,1.000000,2.916003,-0.003090,0.020773,0.079282,-0.003090,0.020773,0.079282,0.042189,-0.161458,-9.808581
72.000000,1.000000,2.916003,-0.003090,0.020773,0.079282,-0.003090,0.020773,0.079282,0.042189,-0.161458,-9.808581
73.000000,1.000000,2.916003,-0.003090,0.020773,0.079282,-0.003090,0.020773,0.079282,0.042189,-0.161458,-9.808581
74.000000,1.000000,2.916003,-0.003090,0.020773,0.079282,-0.003090,0.020773,0.079282,0.042189,-0.161458,-9.808581
75.000000,1.000000,2.916003,-0.003090,0.020773,0.079282,-0.003090,0.020773,0.079282,0.042189,-0.161458,-9.808581
76.000000,1.000000,2.916003,-0.003090,0.020773,0.079282,-0.003090,0.020773,0.079282,0.042189,-0.161458,-9.808581
77.000000,1.000000,2.916003,-0.003090,0.020773,0.079282,-0.003090,0.020773,0.079282,0.042189,-0.161458,-9.808581
78.000000,1.000000,2.916003,-0.003090,0.020773,0.079282,-0.003090,0.020773,0.079282,0.042189,-0.161458,-9.808581
79.000000,1.000000,2.916003,-0.003090,0.020773,0.079282,-0.003090,0.020773,0.079282,0.042189,-0.161458,-9.808581
80.000000,1.000000,2.916003,-0.003090,0.020773,0.079282,-0.003090,0.020773,0.079282,0.042189,-0.161458,-9.808581
81.000000,1.000000,0.686340,-0.003107,0.020729,0.079224,-0.003107,0.020729,0.079224,0.040441,-0.160213,-9.808608
82.000000,0.000000,0.686340,-0.003120,0.020818,0.079221,-0.003120,0.020818,0.079221,0.040441,-0.160213,-9.808608
83.000000,1.000000,1.372707,-0.003089,0.020862,0.079165,-0.003089,0.020862,0.079165,0.049927,-0.173300,-9.808342
84.000000,1.000000,1.360795,-0.002998,0.020816,0.078943,-0.002998,0.020816,0.078943,0.053291,-0.181508,-9.808176
85.000000,1.000000,0.916145,-0.003108,0.021320,0.079025,-0.003108,0.021320,0.079025,0.036885,-0.188541,-9.808119
86.000000,1.000000,0.916145,-0.003108,0.021320,0.079025,-0.003108,0.021320,0.079025,0.036885,-0.188541,-9.808119
87.000000,1.000000,1.009980,-0.003510,0.020434,0.078872,-0.003510,0.020434,0.078872,0.068853,-0.187333,-9.807970
88.000000,1.000000,0.984190,-0.003559,0.020558,0.077900,-0.003559,0.020558,0.077900,0.086855,-0.182920,-9.807910
89.000000,1.000000,0.990531,-0.003024,0.021121,0.079073,-0.003024,0.021121,0.079073,0.051864,-0.141505,-9.808842
90.000000,1.000000,1.039315,-0.003073,0.022191,0.078871,-0.003073,0.022191,0.078871,0.059038,-0.121169,-9.809074
91.000000,1.000000,0.979669,-0.002889,0.021225,0.078655,-0.002889,0.021225,0.078655,0.079455,-0.147838,-9.808564
92.000000,1.000000,1.018152,-0.002903,0.020587,0.078619,-0.002903,0.020587,0.078619,0.081628,-0.161428,-9.808332
93.000000,1.000000,1.009067,-0.003093,0.021627,0.078635,-0.003093,0.021627,0.078635,0.062517,-0.163881,-9.808432
94.000000,1.000000,0.969835,-0.003190,0.020897,0.079028,-0.003190,0.020897,0.079028,-0.003435,-0.151990,-9.808822
95.000000,1.000000,1.027462,-0.002494,0.021783,0.078741,-0.002494,0.021783,0.078741,-0.067074,-0.121374,-9.809020
96.000000,1.000000,1.042092,-0.003129,0.020306,0.078497,-0.003129,0.020306,0.078497,-0.085163,-0.106380,-9.809053
97.000000,1.000000,0.914043,-0.003399,0.021062,0.079153,-0.003399,0.021062,0.079153,-0.063597,-0.122439,-9.809030
98.000000,1.000000,0.918277,-0.004130,0.020503,0.078803,-0.004130,0.020503,0.078803,-0.024831,-0.129719,-9.809111
99.000000,1.000000,1.171475,-0.003293,0.020684,0.078614,-0.003293,0.020684,0.078614,-0.013706,-0.165015,-9.808602
100.000000,1.000000,1.039969,-0.002865,0.020596,0.078794,-0.002865,0.020596,0.078794,0.012074,-0.186715,-9.808216
101.000000,1.000000,1.038094,-0.003540,0.021504,0.078184,-0.003540,0.021504,0.078184,0.000201,-0.198220,-9.807997
102.000000,1.000000,0.989144,-0.003068,0.021148,0.078676,-0.003068,0.021148,0.078676,-0.049062,-0.143620,-9.808826
103.000000,1.000000,0.989144,-0.003068,0.021148,0.078676,-0.003068,0.021148,0.078676,-0.049062,-0.143620,-9.808826
104.000000,1.000000,1.002338,-0.003218,0.021578,0.078194,-0.003218,0.021578,0.078194,-0.003070,-0.150817,-9.808840
105.000000,1.000000,1.002338,-0.003218,0.021578,0.078194,-0.003218,0.021578,0.078194,-0.003070,-0.150817,-9.808840
106.000000,1.000000,1.002338,-0.003218,0.021578,0.078194,-0.003218,0.021578,0.078194,-0.003070,-0.150817,-9.808840
107.000000,1.000000,1.002338,-0.003218,0.021578,0.078194,-0.003218,0.021578,0.078194,-0.003070,-0.150817,-9.808840
108.000000,1.000000,0.834605,-0.002748,0.020973,0.078800,-0.002748,0.020973,0.078800,0.008040,-0.179420,-9.808356
109.000000,1.000000,0.803725,-0.002852,0.020670,0.079288,-0.002852,0.020670,0.079288,0.000063,-0.191352,-9.808134
110.000000,1.000000,1.080366,-0.003326,0.021345,0.078402,-0.003326,0.021345,0.078402,0.006515,-0.160378,-9.808687
111.000000,1.000000,1.078264,-0.003263,0.021547,0.078069,-0.003263,0.021547,0.078069,0.054746,-0.193505,-9.807939
112.000000,1.000000,1.007427,-0.003123,0.021294,0.078541,-0.003123,0.021294,0.078541,0.041595,-0.168542,-9.808464
113.000000,1.000000,1.007427,-0.003123,0.021294,0.078541,-0.003123,0.021294,0.078541,0.041595,-0.168542,-9.808464
114.000000,1.000000,0.989765,-0.003303,0.021281,0.078150,-0.003303,0.021281,0.078150,-0.037000,-0.131466,-9.809049
115.000000,1.000000,1.027335,-0.003002,0.020566,0.079146,-0.003002,0.020566,0.079146,-0.027188,-0.115823,-9.809279
116.000000,1.000000,1.089031,-0.003305,0.021264,0.078783,-0.003305,0.021264,0.078783,0.013834,-0.120495,-9.809250
117.000000,1.000000,1.037925,-0.003545,0.020960,0.077962,-0.003545,0.020960,0.077962,0.034792,-0.129304,-9.809086
118.000000,1.000000,1.024677,-0.003009,0.020850,0.078967,-0.003009,0.020850,0.078967,0.054666,-0.140100,-9.808847
119.000000,1.000000,1.078942,-0.003044,0.020840,0.078760,-0.003044,0.020840,0.078760,0.021658,-0.154242,-9.808763
120.000000,1.000000,0.913144,-0.002818,0.020669,0.078272,-0.002818,0.020669,0.078272,0.007299,-0.144282,-9.808936
121.000000,1.000000,0.944005,-0.002747,0.021195,0.078933,-0.002747,0.021195,0.078933,0.071818,-0.157078,-9.808479
122.000000,1.000000,1.028295,-0.003290,0.020840,0.078517,-0.003290,0.020840,0.078517,0.049547,-0.157216,-9.808615
123.000000,1.000000,0.996226,-0.003370,0.021045,0.078244,-0.003370,0.021045,0.078244,0.033171,-0.168707,-9.808493
124.000000,1.000000,0.996226,-0.003370,0.021045,0.078244,-0.003370,0.021045,0.078244,0.033171,-0.168707,-9.808493
125.000000,1.000000,0.996226,-0.003370,0.021045,0.078244,-0.003370,0.021045,0.078244,0.033171,-0.168707,-9.808493
126.000000,1.000000,1.027780,-0.003219,0.021911,0.078317,-0.003219,0.021911,0.078317,0.009371,-0.143620,-9.808944
127.000000,1.000000,0.978962,-0.003091,0.021775,0.078884,-0.003091,0.021775,0.078884,-0.020710,-0.145057,-9.808906
128.000000,1.000000,0.982882,-0.003018,0.020648,0.077585,-0.003018,0.020648,0.077585,-0.015478,-0.132120,-9.809098
129.000000,1.000000,0.932099,-0.003089,0.021636,0.078309,-0.003089,0.021636,0.078309,-0.044703,-0.155272,-9.808669
130.000000,1.000000,0.932099,-0.003089,0.021636,0.078309,-0.003089,0.021636,0.078309,-0.044703,-0.155272,-9.808669
131.000000,1.000000,0.964253,-0.004467,0.021157,0.078677,-0.004467,0.021157,0.078677,-0.014114,-0.133925,-9.809076
132.000000,1.000000,1.090332,-0.002432,0.021374,0.077975,-0.002432,0.021374,0.077975,0.056091,-0.196296,-9.807875
133.000000,1.000000,1.079576,-0.002250,0.021480,0.078192,-0.002250,0.021480,0.078192,0.012939,-0.160508,-9.808678
134.000000,1.000000,0.872857,-0.004498,0.021392,0.078671,-0.004498,0.021392,0.078671,-0.080845,-0.129899,-9.808807
135.000000,1.000000,0.872857,-0.004498,0.021392,0.078671,-0.004498,0.021392,0.078671,-0.080845,-0.129899,-9.808807
136.000000,1.000000,1.094780,-0.002406,0.021774,0.078039,-0.002406,0.021774,0.078039,-0.089236,-0.135138,-9.808663
137.000000,1.000000,1.094780,-0.002406,0.021774,0.078039,-0.002406,0.021774,0.078039,-0.089236,-0.135138,-9.808663
138.000000,1.000000,1.046183,-0.003446,0.021626,0.078418,-0.003446,0.021626,0.078418,-0.122538,-0.111086,-9.808606
139.000000,1.000000,1.056326,-0.002188,0.022196,0.078358,-0.002188,0.022196,0.078358,-0.122282,-0.119164,-9.808514
140.000000,1.000000,1.056326,-0.002188,0.022196,0.078358,-0.002188,0.022196,0.078358,-0.122282,-0.119164,-9.808514
141.000000,1.000000,1.176325,-0.002407,0.021711,0.078095,-0.002407,0.021711,0.078095,-0.094411,-0.084697,-9.809180
142.000000,1.000000,0.947816,-0.004881,0.021042,0.078741,-0.004881,0.021042,0.078741,-0.160067,-0.038441,-9.808619
143.000000,1.000000,0.947816,-0.004881,0.021042,0.078741,-0.004881,0.021042,0.078741,-0.160067,-0.038441,-9.808619
144.000000,1.000000,1.022398,-0.003228,0.021677,0.078398,-0.003228,0.021677,0.078398,-0.167623,-0.041057,-9.808482
145.000000,1.000000,0.982345,-0.002279,0.021776,0.077906,-0.002279,0.021776,0.077906,-0.168554,-0.060618,-9.808365
146.000000,1.000000,1.022285,-0.003035,0.021676,0.078103,-0.003035,0.021676,0.078103,-0.178436,-0.063534,-9.808171
147.000000,1.000000,1.129398,-0.003353,0.022027,0.078404,-0.003353,0.022027,0.078404,-0.187039,-0.021152,-9.808194
148.000000,1.000000,1.119808,-0.003014,0.021881,0.078294,-0.003014,0.021881,0.078294,-0.142644,0.016655,-9.808949
149.000000,1.000000,0.968096,-0.003501,0.021707,0.078881,-0.003501,0.021707,0.078881,-0.133937,0.075411,-9.808796
150.000000,1.000000,1.069243,-0.003199,0.021713,0.078521,-0.003199,0.021713,0.078521,-0.185724,-0.007483,-9.808239
151.000000,1.000000,1.069243,-0.003199,0.021713,0.078521,-0.003199,0.021713,0.078521,-0.185724,-0.007483,-9.808239
152.000000,1.000000,1.004565,-0.002874,0.021817,0.078511,-0.002874,0.021817,0.078511,-0.156138,0.010499,-9.808752
153.000000,1.000000,0.962102,-0.002997,0.021583,0.078876,-0.002997,0.021583,0.078876,-0.128588,0.061927,-9.808962
154.000000,1.000000,0.976585,-0.003303,0.021390,0.078660,-0.003303,0.021390,0.078660,-0.121061,0.064009,-9.809044
155.000000,1.000000,0.989337,-0.003221,0.021602,0.078324,-0.003221,0.021602,0.078324,-0.174288,0.043469,-9.808355
156.000000,1.000000,1.036605,-0.003269,0.022486,0.078197,-0.003269,0.022486,0.078197,-0.210300,0.029427,-9.807701
157.000000,1.000000,1.013329,-0.003281,0.021840,0.078108,-0.003281,0.021840,0.078108,-0.139206,0.066619,-9.808786
158.000000,1.000000,1.013329,-0.003281,0.021840,0.078108,-0.003281,0.021840,0.078108,-0.139206,0.066619,-9.808786
159.000000,1.000000,0.997374,-0.003474,0.021451,0.078220,-0.003474,0.021451,0.078220,-0.129231,0.058180,-9.808976
160.000000,1.000000,0.957608,-0.003392,0.022146,0.077953,-0.003392,0.022146,0.077953,-0.131462,0.053293,-9.808974
161.000000,1.000000,0.989907,-0.003252,0.022256,0.077805,-0.003252,0.022256,0.077805,-0.164395,0.034164,-9.808563
162.000000,1.000000,1.087637,-0.003197,0.022424,0.078073,-0.003197,0.022424,0.078073,-0.160314,0.019379,-9.808671
163.000000,1.000000,1.034038,-0.003358,0.022278,0.078033,-0.003358,0.022278,0.078033,-0.125740,0.046710,-9.809083
164.000000,1.000000,0.982507,-0.003341,0.021569,0.078344,-0.003341,0.021569,0.078344,-0.123840,0.082965,-9.808867
165.000000,1.000000,1.001708,-0.003810,0.021827,0.077196,-0.003810,0.021827,0.077196,-0.116530,0.025141,-9.809276
166.000000,1.000000,1.045570,-0.003539,0.022748,0.077875,-0.003539,0.022748,0.077875,-0.122093,0.033570,-9.809183
167.000000,1.000000,0.929804,-0.002738,0.022261,0.078990,-0.002738,0.022261,0.078990,-0.081160,0.102218,-9.809132
168.000000,1.000000,0.848552,-0.003035,0.021489,0.078562,-0.003035,0.021489,0.078562,-0.104833,0.066608,-9.809214
169.000000,1.000000,1.064992,-0.003065,0.022128,0.078707,-0.003065,0.022128,0.078707,-0.131841,0.044106,-9.809015
170.000000,1.000000,1.040156,-0.002958,0.021237,0.079776,-0.002958,0.021237,0.079776,-0.108173,0.051799,-9.809267
171.000000,1.000000,1.060222,-0.003373,0.022148,0.078335,-0.003373,0.022148,0.078335,-0.112761,0.051762,-9.809215
172.000000,1.000000,1.018559,-0.002914,0.020961,0.078808,-0.002914,0.020961,0.078808,-0.120273,0.057013,-9.809097
173.000000,1.000000,1.002664,-0.003093,0.021479,0.078510,-0.003093,0.021479,0.078510,-0.123580,0.068002,-9.808986
174.000000,1.000000,0.968703,-0.003266,0.021256,0.078237,-0.003266,0.021256,0.078237,-0.130952,0.085750,-9.808751
175.000000,1.000000,0.878033,-0.003346,0.020787,0.078642,-0.003346,0.020787,0.078642,-0.086406,0.059064,-9.809442
176.000000,1.000000,0.993562,-0.003563,0.021661,0.077711,-0.003563,0.021661,0.077711,-0.165396,0.007686,-9.808603
177.000000,1.000000,0.976831,-0.003923,0.021349,0.078816,-0.003923,0.021349,0.078816,-0.170733,0.029481,-9.808470
178.000000,1.000000,0.923020,-0.003793,0.021573,0.080356,-0.003793,0.021573,0.080356,-0.203116,0.145170,-9.806823
179.000000,1.000000,0.955477,-0.003120,0.022035,0.079293,-0.003120,0.022035,0.079293,-0.177986,0.047967,-9.808268
180.000000,1.000000,0.994704,-0.001636,0.021000,0.079361,-0.001636,0.021000,0.079361,-0.136453,-0.078437,-9.808737
181.000000,1.000000,0.983671,-0.003205,0.019502,0.076008,-0.003205,0.019502,0.076008,-0.144440,-0.034535,-9.808876
182.000000,1.000000,0.988236,-0.003692,0.021138,0.078771,-0.003692,0.021138,0.078771,-0.145208,-0.033598,-9.808868
183.000000,1.000000,1.007439,-0.003540,0.021349,0.078068,-0.003540,0.021349,0.078068,-0.157003,-0.073249,-9.808470
184.000000,1.000000,0.999383,-0.002875,0.021147,0.078137,-0.002875,0.021147,0.078137,-0.136060,-0.039198,-9.808978
185.000000,1.000000,1.088210,-0.003368,0.020776,0.078443,-0.003368,0.020776,0.078443,-0.165008,-0.014336,-9.808602
186.000000,1.000000,1.076541,-0.003122,0.021704,0.078784,-0.003122,0.021704,0.078784,-0.132561,-0.022626,-9.809078
187.000000,1.000000,0.984943,-0.003092,0.020567,0.079422,-0.003092,0.020567,0.079422,-0.136710,-0.090944,-9.808626
188.000000,1.000000,1.099386,-0.004262,0.021669,0.077848,-0.004262,0.021669,0.077848,-0.144294,-0.108631,-9.808337
189.000000,1.000000,1.099386,-0.004262,0.021669,0.077848,-0.004262,0.021669,0.077848,-0.144294,-0.108631,-9.808337
190.000000,1.000000,0.926394,-0.002013,0.021289,0.079653,-0.002013,0.021289,0.079653,-0.080767,-0.104406,-9.809112
191.000000,1.000000,0.982307,-0.003313,0.021167,0.077401,-0.003313,0.021167,0.077401,-0.084180,-0.124889,-9.808844
192.000000,1.000000,0.983992,-0.003304,0.021064,0.079671,-0.003304,0.021064,0.079671,-0.069570,-0.129625,-9.808897
193.000000,1.000000,0.937909,-0.003717,0.021641,0.078712,-0.003717,0.021641,0.078712,-0.043832,-0.144283,-9.808841
194.000000,1.000000,1.062404,-0.002972,0.020390,0.078915,-0.002972,0.020390,0.078915,0.013136,-0.159539,-9.808694
195.000000,1.000000,0.958138,-0.002103,0.021176,0.078376,-0.002103,0.021176,0.078376,0.069587,-0.134313,-9.808834
196.000000,1.000000,0.958138,-0.002103,0.021176,0.078376,-0.002103,0.021176,0.078376,0.069587,-0.134313,-9.808834
197.000000,1.000000,0.994621,-0.002166,0.021350,0.078148,-0.002166,0.021350,0.078148,0.096442,-0.125868,-9.808718
198.000000,1.000000,1.096716,-0.002884,0.022043,0.078407,-0.002884,0.022043,0.078407,0.132677,-0.171874,-9.807597
199.000000,1.000000,1.039530,-0.003404,0.021234,0.078308,-0.003404,0.021234,0.078308,0.080836,-0.155302,-9.808438
200.000000,1.000000,0.928972,-0.002901,0.021086,0.079472,-0.002901,0.021086,0.079472,0.074262,-0.134640,-9.808795
201.000000,1.000000,1.037367,-0.002950,0.021509,0.078551,-0.002950,0.021509,0.078551,0.070242,-0.117633,-9.809043
202.000000,1.000000,1.038210,-0.003169,0.020805,0.078610,-0.003169,0.020805,0.078610,0.120471,-0.146088,-9.808172
203.000000,1.000000,1.038210,-0.003169,0.020805,0.078610,-0.003169,0.020805,0.078610,0.120471,-0.146088,-9.808172
204.000000,1.000000,0.993546,-0.003067,0.021430,0.078129,-0.003067,0.021430,0.078129,0.092159,-0.135839,-9.808627
205.000000,1.000000,0.993546,-0.003067,0.021430,0.078129,-0.003067,0.021430,0.078129,0.092159,-0.135839,-9.808627
206.000000,1.000000,0.993546,-0.003067,0.021430,0.078129,-0.003067,0.021430,0.078129,0.092159,-0.135839,-9.808627
207.000000,1.000000,0.993546,-0.003067,0.021430,0.078129,-0.003067,0.021430,0.078129,0.092159,-0.135839,-9.808627
208.000000,1.000000,0.992528,-0.003142,0.021324,0.078518,-0.003142,0.021324,0.078518,0.108538,-0.119031,-9.808677
209.000000,1.000000,0.992528,-0.003142,0.021324,0.078518,-0.003142,0.021324,0.078518,0.108538,-0.119031,-9.808677
210.000000,1.000000,0.951987,-0.003198,0.021482,0.078303,-0.003198,0.021482,0.078303,0.110959,-0.122970,-9.808602
211.000000,1.000000,1.039841,-0.003228,0.021216,0.078396,-0.003228,0.021216,0.078396,0.087407,-0.114608,-9.808941
212.000000,1.000000,1.087141,-0.003168,0.021821,0.078558,-0.003168,0.021821,0.078558,0.101175,-0.106638,-9.808899
213.000000,1.000000,1.067829,-0.002999,0.021802,0.078676,-0.002999,0.021802,0.078676,0.109653,-0.105798,-9.808817
214.000000,1.000000,0.967469,-0.003473,0.021568,0.078169,-0.003473,0.021568,0.078169,0.110481,-0.101594,-9.808852
215.000000,1.000000,0.975660,-0.003208,0.021818,0.078491,-0.003208,0.021818,0.078491,0.090006,-0.122064,-9.808828
216.000000,1.000000,0.989563,-0.002735,0.021704,0.078631,-0.002735,0.021704,0.078631,0.059609,-0.127070,-9.808996
217.000000,1.000000,1.053918,-0.003157,0.021197,0.078862,-0.003157,0.021197,0.078862,0.081795,-0.093992,-9.809209
218.000000,1.000000,1.053918,-0.003157,0.021197,0.078862,-0.003157,0.021197,0.078862,0.081795,-0.093992,-9.809209
219.000000,1.000000,1.026454,-0.003274,0.021719,0.078282,-0.003274,0.021719,0.078282,0.103248,-0.098021,-9.808967
220.000000,1.000000,1.017828,-0.002935,0.021983,0.078839,-0.002935,0.021983,0.078839,0.135040,-0.084152,-9.808710
221.000000,1.000000,0.920437,-0.003366,0.021249,0.077428,-0.003366,0.021249,0.077428,0.100742,-0.094097,-9.809031
222.000000,1.000000,1.067626,-0.003125,0.021942,0.078701,-0.003125,0.021942,0.078701,0.104700,-0.142523,-9.808406
223.000000,1.000000,1.067626,-0.003125,0.021942,0.078701,-0.003125,0.021942,0.078701,0.104700,-0.142523,-9.808406
224.000000,1.000000,1.103773,-0.003338,0.021337,0.077808,-0.003338,0.021337,0.077808,0.065782,-0.167547,-9.808349
225.000000,1.000000,1.001183,-0.003006,0.021627,0.078564,-0.003006,0.021627,0.078564,0.114549,-0.130900,-9.808458
226.000000,1.000000,1.079845,-0.003034,0.022398,0.078500,-0.003034,0.022398,0.078500,0.121828,-0.124398,-9.808455
227.000000,1.000000,0.989208,-0.002981,0.021471,0.078468,-0.002981,0.021471,0.078468,0.085196,-0.128746,-9.808785
228.000000,1.000000,0.999430,-0.003143,0.021729,0.078936,-0.003143,0.021729,0.078936,0.058973,-0.128456,-9.808982
229.000000,1.000000,1.138206,-0.003237,0.021402,0.078011,-0.003237,0.021402,0.078011,0.055112,-0.153804,-9.808639
230.000000,1.000000,0.983165,-0.002934,0.021440,0.079058,-0.002934,0.021440,0.079058,0.032900,-0.132620,-9.809048
231.000000,1.000000,0.923321,-0.002821,0.022011,0.078124,-0.002821,0.022011,0.078124,0.046860,-0.097915,-9.809399
232.000000,1.000000,1.085192,-0.001996,0.021306,0.078414,-0.001996,0.021306,0.078414,0.072734,-0.163977,-9.808360
233.000000,1.000000,1.085192,-0.001996,0.021306,0.078414,-0.001996,0.021306,0.078414,0.072734,-0.163977,-9.808360
234.000000,1.000000,1.082897,-0.002995,0.021280,0.077924,-0.002995,0.021280,0.077924,0.053999,-0.175440,-9.808282
235.000000,1.000000,1.161420,-0.003882,0.021139,0.078676,-0.003882,0.021139,0.078676,-0.066910,-0.054624,-9.809620
236.000000,1.000000,1.161420,-0.003882,0.021139,0.078676,-0.003882,0.021139,0.078676,-0.066910,-0.054624,-9.809620
237.000000,1.000000,1.161420,-0.003882,0.021139,0.078676,-0.003882,0.021139,0.078676,-0.066910,-0.054624,-9.809620
238.000000,1.000000,1.055940,-0.004023,0.022111,0.077812,-0.004023,0.022111,0.077812,-0.071415,-0.102516,-9.809204
239.000000,1.000000,0.951901,-0.003699,0.021048,0.078170,-0.003699,0.021048,0.078170,-0.073095,-0.143507,-9.808678
240.000000,1.000000,0.982144,-0.002805,0.021079,0.077727,-0.002805,0.021079,0.077727,-0.088568,-0.128622,-9.808757
241.000000,1.000000,1.031230,-0.002915,0.021595,0.078058,-0.002915,0.021595,0.078058,-0.105904,-0.114958,-9.808755
242.000000,1.000000,1.017906,-0.003964,0.021334,0.077613,-0.003964,0.021334,0.077613,-0.108297,-0.125093,-9.808605
243.000000,1.000000,0.960051,-0.003829,0.021382,0.078156,-0.003829,0.021382,0.078156,-0.084978,-0.118991,-9.808910
244.000000,1.000000,0.938137,-0.003345,0.021521,0.077876,-0.003345,0.021521,0.077876,-0.118507,-0.112744,-9.808636
245.000000,1.000000,0.970033,-0.003248,0.021760,0.078048,-0.003248,0.021760,0.078048,-0.123873,-0.104856,-9.808657
246.000000,1.000000,1.022076,-0.003297,0.021147,0.077978,-0.003297,0.021147,0.077978,-0.112749,-0.091869,-9.808922
247.000000,1.000000,0.962101,-0.003747,0.020556,0.077141,-0.003747,0.020556,0.077141,-0.095063,-0.145942,-9.808454
248.000000,1.000000,0.962101,-0.003747,0.020556,0.077141,-0.003747,0.020556,0.077141,-0.095063,-0.145942,-9.808454
249.000000,1.000000,0.975963,-0.003356,0.021463,0.077697,-0.003356,0.021463,0.077697,-0.090537,-0.125164,-9.808784
250.000000,1.000000,0.975963,-0.003356,0.021463,0.077697,-0.003356,0.021463,0.077697,-0.090537,-0.125164,-9.808784
251.000000,1.000000,0.929127,-0.003557,0.021236,0.077141,-0.003557,0.021236,0.077141,-0.074108,-0.161157,-9.808396
252.000000,1.000000,0.987115,-0.003500,0.021282,0.077882,-0.003500,0.021282,0.077882,-0.100797,-0.146082,-9.808394
253.000000,1.000000,1.011294,-0.003399,0.021433,0.077988,-0.003399,0.021433,0.077988,-0.087614,-0.153745,-9.808404
254.000000,1.000000,0.987731,-0.003194,0.021671,0.077546,-0.003194,0.021671,0.077546,-0.072624,-0.166900,-9.808311
255.000000,1.000000,0.925153,-0.003193,0.022142,0.078359,-0.003193,0.022142,0.078359,-0.089348,-0.111548,-9.808959
256.000000,1.000000,0.952943,-0.003606,0.021587,0.077538,-0.003606,0.021587,0.077538,-0.106255,-0.084698,-9.809059
257.000000,1.000000,1.050391,-0.004032,0.021349,0.077750,-0.004032,0.021349,0.077750,-0.137715,-0.100170,-9.808522
258.000000,1.000000,0.935466,-0.002925,0.021168,0.078262,-0.002925,0.021168,0.078262,-0.078588,-0.122513,-9.808920
259.000000,1.000000,0.935466,-0.002925,0.021168,0.078262,-0.002925,0.021168,0.078262,-0.078588,-0.122513,-9.808920
260.000000,1.000000,0.822094,-0.002789,0.021604,0.076624,-0.002789,0.021604,0.076624,-0.073274,-0.066229,-9.809503
261.000000,1.000000,0.864311,-0.003696,0.021547,0.077673,-0.003696,0.021547,0.077673,-0.086001,-0.120544,-9.808882
262.000000,1.000000,0.976044,-0.003205,0.021525,0.077394,-0.003205,0.021525,0.077394,-0.023649,-0.135675,-9.809033
263.000000,1.000000,0.976044,-0.003205,0.021525,0.077394,-0.003205,0.021525,0.077394,-0.023649,-0.135675,-9.809033
264.000000,1.000000,0.976044,-0.003205,0.021525,0.077394,-0.003205,0.021525,0.077394,-0.023649,-0.135675,-9.809033
265.000000,1.000000,1.066499,-0.003844,0.021862,0.077717,-0.003844,0.021862,0.077717,-0.022359,-0.123425,-9.809198
266.000000,1.000000,0.966696,-0.003633,0.021571,0.077390,-0.003633,0.021571,0.077390,-0.018878,-0.146242,-9.808892
267.000000,1.000000,0.966696,-0.003633,0.021571,0.077390,-0.003633,0.021571,0.077390,-0.018878,-0.146242,-9.808892
268.000000,1.000000,1.062762,-0.003438,0.021538,0.077683,-0.003438,0.021538,0.077683,0.012883,-0.144730,-9.808924
269.000000,1.000000,1.062762,-0.003438,0.021538,0.077683,-0.003438,0.021538,0.077683,0.012883,-0.144730,-9.808924
270.000000,1.000000,1.000631,-0.003799,0.021325,0.077268,-0.003799,0.021325,0.077268,0.015578,-0.143189,-9.808943
271.000000,1.000000,1.000631,-0.003799,0.021325,0.077268,-0.003799,0.021325,0.077268,0.015578,-0.143189,-9.808943
272.000000,1.000000,1.019437,-0.003456,0.021227,0.077437,-0.003456,0.021227,0.077437,0.021853,-0.150768,-9.808817
273.000000,1.000000,1.046464,-0.003955,0.021503,0.076689,-0.003955,0.021503,0.076689,0.015948,-0.159883,-9.808684
274.000000,1.000000,1.017520,-0.002814,0.021127,0.077303,-0.002814,0.021127,0.077303,0.093192,-0.121489,-9.808805
275.000000,1.000000,1.017520,-0.002814,0.021127,0.077303,-0.002814,0.021127,0.077303,0.093192,-0.121489,-9.808805
276.000000,1.000000,1.007538,-0.003269,0.021312,0.077131,-0.003269,0.021312,0.077131,0.081457,-0.124028,-9.808878
277.000000,1.000000,1.008120,-0.002902,0.021110,0.077355,-0.002902,0.021110,0.077355,0.066856,-0.124979,-9.808976
278.000000,1.000000,1.008120,-0.002902,0.021110,0.077355,-0.002902,0.021110,0.077355,0.066856,-0.124979,-9.808976
279.000000,1.000000,0.947861,-0.002931,0.021439,0.077508,-0.002931,0.021439,0.077508,0.047060,-0.134285,-9.808968
280.000000,1.000000,1.052080,-0.003942,0.021037,0.077737,-0.003942,0.021037,0.077737,0.024336,-0.121815,-9.809213
281.000000,1.000000,1.051052,-0.003583,0.021389,0.078098,-0.003583,0.021389,0.078098,0.015514,-0.138121,-9.809015
282.000000,1.000000,0.876510,-0.003598,0.021215,0.077775,-0.003598,0.021215,0.077775,-0.005256,-0.125256,-9.809199
283.000000,1.000000,0.883917,-0.003027,0.020531,0.077533,-0.003027,0.020531,0.077533,-0.002331,-0.134649,-9.809076
284.000000,1.000000,1.058246,-0.003026,0.021353,0.077643,-0.003026,0.021353,0.077643,0.038062,-0.152372,-9.808743
285.000000,1.000000,0.980426,-0.003218,0.021062,0.077652,-0.003218,0.021062,0.077652,0.006609,-0.131423,-9.809117
286.000000,1.000000,0.890840,-0.003763,0.021095,0.077778,-0.003763,0.021095,0.077778,-0.014930,-0.127791,-9.809156
287.000000,1.000000,0.910071,-0.004089,0.021182,0.078008,-0.004089,0.021182,0.078008,-0.024950,-0.143578,-9.808918
288.000000,1.000000,1.097730,-0.003444,0.021114,0.077884,-0.003444,0.021114,0.077884,-0.038047,-0.136488,-9.808977
289.000000,1.000000,1.071402,-0.003743,0.021234,0.076873,-0.003743,0.021234,0.076873,0.017974,-0.163670,-9.808618
290.000000,1.000000,0.901026,-0.003387,0.021161,0.077758,-0.003387,0.021161,0.077758,0.076406,-0.204186,-9.807577
291.000000,1.000000,0.937407,-0.003377,0.021390,0.077674,-0.003377,0.021390,0.077674,0.050738,-0.175646,-9.808296
292.000000,1.000000,1.063827,-0.003486,0.021485,0.076915,-0.003486,0.021485,0.076915,0.016921,-0.176491,-9.808398
293.000000,1.000000,1.018340,-0.003599,0.021399,0.077609,-0.003599,0.021399,0.077609,-0.005755,-0.177756,-9.808388
294.000000,1.000000,1.042452,-0.003769,0.021772,0.077350,-0.003769,0.021772,0.077350,-0.008320,-0.186188,-9.808229
295.000000,1.000000,1.027411,-0.003441,0.021704,0.077531,-0.003441,0.021704,0.077531,0.001706,-0.162598,-9.808652
296.000000,1.000000,1.010400,-0.002859,0.021658,0.077350,-0.002859,0.021658,0.077350,0.002247,-0.143956,-9.808943
297.000000,1.000000,1.109862,-0.003407,0.021838,0.077785,-0.003407,0.021838,0.077785,0.029938,-0.123246,-9.809180
298.000000,1.000000,1.109862,-0.003407,0.021838,0.077785,-0.003407,0.021838,0.077785,0.029938,-0.123246,-9.809180
299.000000,1.000000,1.109862,-0.003407,0.021838,0.077785,-0.003407,0.021838,0.077785,0.029938,-0.123246,-9.809180
300.000000,1.000000,1.109862,-0.003407,0.021838,0.077785,-0.003407,0.021838,0.077785,0.029938,-0.123246,-9.809180
301.000000,1.000000,0.997184,-0.003446,0.021629,0.077770,-0.003446,0.021629,0.077770,0.004655,-0.124696,-9.809206
302.000000,1.000000,0.929402,-0.003413,0.022042,0.077428,-0.003413,0.022042,0.077428,-0.053049,-0.115470,-9.809177
303.000000,1.000000,0.860551,-0.003423,0.021481,0.077425,-0.003423,0.021481,0.077425,-0.024071,-0.109285,-9.809362
304.000000,1.000000,0.958791,-0.003305,0.021568,0.077627,-0.003305,0.021568,0.077627,0.036338,-0.136740,-9.808980
305.000000,1.000000,1.011562,-0.003390,0.021458,0.077811,-0.003390,0.021458,0.077811,0.013519,-0.131550,-9.809109
306.000000,1.000000,0.976567,-0.003500,0.021521,0.077386,-0.003500,0.021521,0.077386,0.036144,-0.139862,-9.808936
307.000000,1.000000,1.065766,-0.003202,0.021296,0.077795,-0.003202,0.021296,0.077795,0.070928,-0.140837,-9.808733
308.000000,1.000000,1.078525,-0.003832,0.021465,0.077750,-0.003832,0.021465,0.077750,0.065321,-0.132195,-9.808892
309.000000,1.000000,1.050227,-0.003587,0.021680,0.078095,-0.003587,0.021680,0.078095,0.012006,-0.117130,-9.809293
310.000000,1.000000,1.101971,-0.003672,0.021905,0.077386,-0.003672,0.021905,0.077386,-0.004760,-0.132047,-9.809110
311.000000,1.000000,1.085079,-0.003126,0.021731,0.077662,-0.003126,0.021731,0.077662,-0.008863,-0.144811,-9.808927
312.000000,1.000000,0.893413,-0.003038,0.021389,0.078343,-0.003038,0.021389,0.078343,-0.039258,-0.146520,-9.808827
313.000000,1.000000,0.947317,-0.002786,0.021390,0.077440,-0.002786,0.021390,0.077440,-0.020925,-0.145302,-9.808902
314.000000,1.000000,1.094964,-0.002265,0.021326,0.077695,-0.002265,0.021326,0.077695,0.006870,-0.105709,-9.809428
315.000000,1.000000,1.074508,-0.002794,0.021197,0.077346,-0.002794,0.021197,0.077346,0.001076,-0.132016,-9.809112
316.000000,1.000000,0.985124,-0.004243,0.021598,0.078754,-0.004243,0.021598,0.078754,-0.012263,-0.174897,-9.808433
317.000000,1.000000,0.999715,-0.004593,0.021721,0.077853,-0.004593,0.021721,0.077853,-0.018061,-0.178290,-9.808363
318.000000,1.000000,1.036531,-0.003233,0.021505,0.077999,-0.003233,0.021505,0.077999,-0.062467,-0.170137,-9.808326
319.000000,1.000000,1.054737,-0.003215,0.021773,0.078076,-0.003215,0.021773,0.078076,-0.087882,-0.157408,-9.808343
320.000000,1.000000,1.000085,-0.003333,0.022025,0.077858,-0.003333,0.022025,0.077858,-0.080037,-0.139999,-9.808674
321.000000,1.000000,0.845815,-0.003542,0.021087,0.078139,-0.003542,0.021087,0.078139,-0.031783,-0.149867,-9.808804
322.000000,1.000000,0.946993,-0.003267,0.022669,0.077226,-0.003267,0.022669,0.077226,-0.036321,-0.141873,-9.808907
323.000000,1.000000,1.044485,-0.003023,0.021414,0.077847,-0.003023,0.021414,0.077847,-0.051528,-0.128354,-9.809025
324.000000,1.000000,1.049228,-0.003029,0.021706,0.077733,-0.003029,0.021706,0.077733,-0.069163,-0.106155,-9.809182
325.000000,1.000000,1.112416,-0.003795,0.021221,0.077618,-0.003795,0.021221,0.077618,-0.063785,-0.142130,-9.808763
326.000000,1.000000,1.057723,-0.003645,0.022193,0.078215,-0.003645,0.022193,0.078215,-0.056047,-0.148061,-9.808722
327.000000,1.000000,0.882128,-0.003233,0.021376,0.078140,-0.003233,0.021376,0.078140,-0.108277,-0.102495,-9.808867
328.000000,1.000000,0.875934,-0.003351,0.021392,0.077499,-0.003351,0.021392,0.077499,-0.091074,-0.083154,-9.809225
329.000000,1.000000,0.956289,-0.003524,0.022526,0.077369,-0.003524,0.022526,0.077369,-0.089330,-0.092744,-9.809155
330.000000,1.000000,1.073275,-0.003495,0.021868,0.077793,-0.003495,0.021868,0.077793,-0.036864,-0.191200,-9.808067
331.000000,1.000000,1.073275,-0.003495,0.021868,0.077793,-0.003495,0.021868,0.077793,-0.036864,-0.191200,-9.808067
332.000000,1.000000,1.047215,-0.003138,0.021568,0.077790,-0.003138,0.021568,0.077790,-0.034898,-0.171466,-9.808439
333.000000,1.000000,1.047041,-0.003546,0.021765,0.077414,-0.003546,0.021765,0.077414,-0.068368,-0.107785,-9.809170
334.000000,1.000000,1.047041,-0.003546,0.021765,0.077414,-0.003546,0.021765,0.077414,-0.068368,-0.107785,-9.809170
335.000000,1.000000,0.947301,-0.003474,0.021531,0.077469,-0.003474,0.021531,0.077469,-0.106394,-0.097166,-9.808942
336.000000,1.000000,1.012412,-0.003522,0.022037,0.077889,-0.003522,0.022037,0.077889,-0.085392,-0.102115,-9.809097
337.000000,1.000000,1.067866,-0.003612,0.021819,0.077444,-0.003612,0.021819,0.077444,-0.056866,-0.176136,-9.808254
338.000000,1.000000,1.026723,-0.003179,0.022310,0.077839,-0.003179,0.022310,0.077839,-0.045798,-0.187935,-9.808093
339.000000,1.000000,1.017669,-0.003675,0.021409,0.077303,-0.003675,0.021409,0.077303,-0.073609,-0.134066,-9.808808
340.000000,1.000000,1.070595,-0.003419,0.021674,0.077787,-0.003419,0.021674,0.077787,-0.074330,-0.087892,-9.809325
341.000000,1.000000,0.968603,-0.004079,0.021733,0.078532,-0.004079,0.021733,0.078532,-0.058568,-0.112723,-9.809178
342.000000,1.000000,1.084279,-0.004273,0.020954,0.077906,-0.004273,0.020954,0.077906,-0.052899,-0.123515,-9.809080
343.000000,1.000000,1.121797,-0.003328,0.021574,0.077504,-0.003328,0.021574,0.077504,-0.030851,-0.171110,-9.808459
344.000000,1.000000,1.063383,-0.002379,0.020935,0.077114,-0.002379,0.020935,0.077114,-0.009664,-0.157703,-9.808728
345.000000,1.000000,0.890210,-0.002902,0.021536,0.077503,-0.002902,0.021536,0.077503,0.003759,-0.127349,-9.809173
346.000000,1.000000,0.995120,-0.003723,0.021346,0.077848,-0.003723,0.021346,0.077848,0.037929,-0.165776,-9.808526
347.000000,1.000000,0.995178,-0.003390,0.020874,0.077723,-0.003390,0.020874,0.077723,0.024049,-0.144856,-9.808901
348.000000,1.000000,1.064696,-0.003386,0.020480,0.077682,-0.003386,0.020480,0.077682,0.097551,-0.152441,-9.808330
349.000000,1.000000,1.064696,-0.003386,0.020480,0.077682,-0.003386,0.020480,0.077682,0.097551,-0.152441,-9.808330
350.000000,1.000000,0.958958,-0.003333,0.021418,0.077943,-0.003333,0.021418,0.077943,0.060069,-0.138389,-9.808840
351.000000,1.000000,0.947660,-0.003625,0.021805,0.077893,-0.003625,0.021805,0.077893,0.011591,-0.133215,-9.809089
352.000000,1.000000,1.033194,-0.003484,0.020865,0.077690,-0.003484,0.020865,0.077690,0.055542,-0.120010,-9.809109
353.000000,1.000000,1.036632,-0.003446,0.021884,0.077528,-0.003446,0.021884,0.077528,0.064423,-0.117312,-9.809087
354.000000,1.000000,1.064537,-0.003336,0.021003,0.077497,-0.003336,0.021003,0.077497,0.048442,-0.112471,-9.809236
355.000000,1.000000,1.154460,-0.003161,0.021035,0.078424,-0.003161,0.021035,0.078424,0.051132,-0.053186,-9.809723
356.000000,1.000000,1.003610,-0.003500,0.022211,0.077628,-0.003500,0.022211,0.077628,0.064445,-0.129677,-9.808931
357.000000,1.000000,1.151370,-0.003306,0.021732,0.077927,-0.003306,0.021732,0.077927,0.046683,-0.109360,-9.809279
358.000000,1.000000,1.151370,-0.003306,0.021732,0.077927,-0.003306,0.021732,0.077927,0.046683,-0.109360,-9.809279
359.000000,1.000000,0.951420,-0.003268,0.021319,0.077809,-0.003268,0.021319,0.077809,0.052054,-0.090621,-9.809443
360.000000,1.000000,0.930942,-0.002865,0.021467,0.078989,-0.002865,0.021467,0.078989,0.053914,-0.112043,-9.809212
361.000000,1.000000,1.011153,-0.003691,0.021069,0.077399,-0.003691,0.021069,0.077399,0.072430,-0.120288,-9.808995